,Models,Accuracy,Precision,Recall,f1,ROC_AUC,Average Precision,Top k Accuracy
0,Decison_Tree_Model,99.05689503995127,99.32070203320337,98.78945721797454,99.05436734244616,99.68595438446232,98.72365466524242,100.0
1,Logistic_Regression_Model,91.89215149506767,96.08602059639578,87.34212996251188,91.50566772809282,95.82410401040963,90.25252068834403,100.0
2,LGBM_Model,96.11725622733317,98.16365720836916,93.99284267609266,96.03298555129669,98.9378941749638,95.27039466839024,100.0
3,XGBM_Model,98.89168357888641,99.63502124399247,98.14288301837082,98.88332340209621,99.71712069915169,98.71324210979206,100.0
4,Random_Forest_Model,95.44721672203445,98.54597901636653,92.25565477987386,95.2971275894572,98.92935119669882,94.78641612419872,100.0
