,Models,Accuracy,Precision,Recall,f1,ROC_AUC,Average Precision,Top k Accuracy
0,Decison_Tree_Model,87.98015772068176,92.73039496279335,82.42177562961078,87.27272727272728,90.8122826723328,85.21915026188005,100.0
1,Logistic_Regression_Model,87.63673365555839,94.90136570561457,79.54718901042992,86.548574591752,90.55350043917718,85.71777424610958,100.0
2,LGBM_Model,89.30297634189773,95.98214285714286,82.04019333502926,88.46523110684406,91.54796997119156,87.72383889958934,100.0
3,XGBM_Model,88.64156703128975,94.05452436194895,82.4980920885271,87.89808917197452,91.43980159920937,86.34414207728325,100.0
4,Random_Forest_Model,89.58280335792419,97.32360097323601,81.40422284406003,88.65493835711318,91.68809379760678,88.52340959408681,100.0
